SettlementPoint,Year,HourlyVolatility
HB_SOUTH,2016,0.20838747166142327
HB_WEST,2017,0.2393755965026441
HB_WEST,2018,0.28735393805391124
HB_PAN,2019,0.5474307364306349
